{"cameraMode":{"drawMode":0,"name":"Shaded","section":"Shading Mode"},"sceneLighting":false,"audioPlay":false,"sceneViewState":{"showFog":true,"showMaterialUpdate":false,"showSkybox":true,"showFlares":true,"showImageEffects":true,"showParticleSystems":true},"in2DMode":false,"pivot":{"x":11.516340255737305,"y":4.189958095550537,"z":-54.65999984741211},"rotation":{"x":-0.09327920526266098,"y":-0.7939929366111755,"z":-0.1260986626148224,"w":0.5873444080352783},"size":2.923577070236206,"orthographic":false}