{"cameraMode":{"drawMode":0,"name":"Shaded","section":"Shading Mode"},"sceneLighting":false,"audioPlay":false,"sceneViewState":{"showFog":true,"showMaterialUpdate":false,"showSkybox":true,"showFlares":true,"showImageEffects":true,"showParticleSystems":true},"in2DMode":false,"pivot":{"x":82.31999969482422,"y":4.940000057220459,"z":-3.4649999141693117},"rotation":{"x":-0.09327920526266098,"y":-0.7939929366111755,"z":-0.1260986626148224,"w":0.5873444080352783},"size":3.7125000953674318,"orthographic":false}