{"cameraMode":{"drawMode":0,"name":"Shaded","section":"Shading Mode"},"sceneLighting":false,"audioPlay":false,"sceneViewState":{"showFog":true,"showMaterialUpdate":false,"showSkybox":true,"showFlares":true,"showImageEffects":true,"showParticleSystems":true},"in2DMode":false,"pivot":{"x":11.516340255737305,"y":4.189958095550537,"z":-54.65999984741211},"rotation":{"x":-0.123384989798069,"y":-0.05594521388411522,"z":0.006965960841625929,"w":-0.9907561540603638},"size":2.923577070236206,"orthographic":false}